iteracao,salario_medio,preco_medio,produzidos,consumidos,contratados,demitidos,estoques,capital medio,riqueza media,media_disp_prod_trab,desemprego_percent,base_monetaria,empresas_ativas,produtividade_total,salario_improdutivo,salario_produtivo
0,2039.98,37.6334,20874,1104,418,0,39957,951032,1791.44,40.2645,0.164,1.99164e+07,20,24796,2030.34,2230.85
1,2041.36,46.5255,19275,7213,387,418,52019,926742,2763.02,41.77,0.226,1.99164e+07,20,24796,2009.82,2141.51
2,2050.27,50.6544,18995,7869,381,387,63145,906315,3580.09,43.5467,0.238,1.99164e+07,20,24796,2000.05,2126.14
3,2046.08,53.7804,19292,9089,386,381,73348,890263,4222.18,45.5825,0.228,1.99164e+07,20,24796,1981.43,2134
4,2050.34,55.7664,19406,9249,392,386,83505,875530,4811.51,47.6069,0.216,1.99164e+07,20,24796,1985.17,2127.61
5,2057.93,57.8847,18996,11995,382,392,90506,870312,5020.25,50.096,0.236,1.99164e+07,20,24796,1979.98,2138.76
6,2047.67,61.5397,19313,11150,390,382,98669,863433,5295.38,52.2529,0.22,1.99164e+07,20,24796,1965.78,2123.15
7,2058.98,62.2388,19033,12265,383,390,105437,861801,5360.66,54.7125,0.234,1.99164e+07,20,24796,1960.84,2171.44
8,2044.74,64.7254,19140,12465,385,383,112112,862085,5349.3,57.0539,0.23,1.99164e+07,20,24796,1951.08,2146.07
9,2049.13,66.4927,19257,10971,388,385,120398,858116,5508.08,59.0427,0.224,1.99164e+07,20,24796,1948.76,2152.78
10,2059.09,68.1115,19071,12421,383,388,127048,860043,5430.98,61.2164,0.234,1.99164e+07,20,24796,1951.86,2180.85
11,2063.5,69.1822,19450,11499,390,383,134999,859262,5462.25,63.1802,0.22,1.99164e+07,20,24796,1945.01,2180.73
12,2054.62,70.6766,19261,11718,386,390,142542,860317,5420.02,65.0664,0.228,1.99164e+07,20,24796,1942.97,2173.3
13,2050,72.6568,19017,11374,385,386,150185,861337,5379.21,66.7996,0.23,1.99164e+07,20,24796,1945.23,2188.03
14,2050.3,73.3225,19379,10192,391,385,159372,858299,5500.75,68.3192,0.218,1.99164e+07,20,24796,1926.27,2189.56
15,2060.39,74.7725,19018,10331,380,391,168059,857347,5538.84,69.7374,0.24,1.99164e+07,20,24796,1933.12,2206.12
16,2064.26,75.4091,19312,8675,387,380,178696,850022,5831.81,70.8725,0.226,1.99164e+07,20,24796,1913.37,2212.64
17,2060.14,76.4034,19286,9807,387,387,188175,847503,5932.59,72.0555,0.226,1.99164e+07,20,24796,1920.75,2202.25
18,2047.2,77.8019,18853,12374,381,387,194654,856086,5589.26,73.4563,0.238,1.99164e+07,20,24796,1915.27,2207.47
19,2052.78,78.7088,19511,10270,392,381,203895,855847,5598.84,74.5652,0.216,1.99164e+07,20,24796,1908.01,2211.38
20,2051.79,78.8532,19095,12111,384,392,210879,863861,5278.26,75.8291,0.232,1.99164e+07,20,24796,1905.6,2221.03
21,2049.91,80.2752,19057,10107,385,384,219829,864589,5249.16,76.7674,0.23,1.99164e+07,20,24796,1900.38,2227.63
22,2061.95,80.3044,18816,9641,377,385,229004,864191,5265.09,77.647,0.246,1.99164e+07,20,24796,1912.45,2231.83
23,2052.16,81.1494,19501,8553,393,377,239952,858393,5497.01,78.329,0.214,1.99164e+07,20,24796,1897.14,2227.97
24,2053.73,81.6861,19355,9483,390,393,249824,856811,5560.28,79.0271,0.22,1.99164e+07,20,24796,1899.07,2221.71
25,2056.83,82.3705,18989,9958,382,390,258855,858240,5503.12,79.6863,0.236,1.99164e+07,20,24796,1891.49,2231.4
26,2052.38,82.5045,19303,9323,389,382,268835,856619,5567.96,80.2638,0.222,1.99164e+07,20,24796,1902.69,2221.8
27,2068,82.7823,19302,9743,387,389,278394,856726,5563.66,80.7961,0.226,1.99164e+07,20,24796,1895.46,2236.72
28,2046.49,83.296,18895,9876,382,387,287413,858517,5492.03,81.265,0.236,1.99164e+07,20,24796,1889.79,2229.07
29,2057.79,83.3992,19215,9228,387,382,297400,856897,5556.83,81.6637,0.226,1.99164e+07,20,24796,1894.21,2254.65
30,2046.52,83.2874,18936,9453,384,387,306883,856843,5558.98,82.0232,0.232,1.99164e+07,20,24796,1890.54,2243.43
31,2055.76,83.7289,19276,9364,388,384,316795,856104,5588.54,82.3034,0.224,1.99164e+07,20,24796,1878.42,2246.73
32,2048.8,83.6515,19081,8942,387,388,326934,853795,5680.89,82.5395,0.226,1.99164e+07,20,24796,1889.77,2254.67
33,2045.44,83.7317,18786,8828,381,387,336892,851590,5769.11,82.7153,0.238,1.99164e+07,20,24796,1895.15,2241.3
34,2064.69,83.9162,19524,8675,392,381,347741,847445,5934.92,82.837,0.216,1.99164e+07,20,24796,1896,2232.93
35,2062.1,83.6807,19174,9892,386,392,357023,849076,5869.69,82.9415,0.228,1.99164e+07,20,24796,1893.93,2244.92
36,2058.05,83.2954,19042,10937,381,386,365128,855244,5622.95,83.0134,0.238,1.99164e+07,20,24796,1896.25,2250.5
37,2057.46,83.3625,19401,10016,390,381,374513,856920,5555.91,83.0206,0.22,1.99164e+07,20,24796,1878.42,2234.07
38,2060.64,83.4783,19357,9899,388,390,383971,858154,5506.54,82.9815,0.224,1.99164e+07,20,24796,1889.28,2238.26
39,2049.41,82.8784,18750,8730,380,388,393991,855644,5606.94,82.935,0.24,1.99164e+07,20,24796,1885.27,2211.02
40,2062.09,82.4933,19405,9304,390,380,404092,853746,5682.86,82.8364,0.22,1.99164e+07,20,24796,1890.83,2281.83
41,2059.31,82.95,19175,10168,386,390,413099,855938,5595.19,82.6512,0.228,1.99164e+07,20,24796,1885.58,2254.5
42,2049.89,82.354,19281,8174,390,386,424206,849746,5842.86,82.5071,0.22,1.99164e+07,20,24796,1890.55,2208.22
43,2060.81,82.2913,18757,11628,378,390,431335,858425,5495.73,82.2289,0.244,1.99164e+07,20,24796,1896.4,2233.47
44,2065.07,81.409,19249,8750,390,378,441834,853971,5673.86,82.0244,0.22,1.99164e+07,20,24796,1898.74,2236.48
45,2056.53,81.3604,19279,9545,388,390,451568,853034,5711.37,81.7301,0.224,1.99164e+07,20,24796,1886.13,2222.83
46,2050.86,80.863,19241,8856,388,388,461953,849042,5871.03,81.4429,0.224,1.99164e+07,20,24796,1899.1,2224.2
47,2062.37,80.4752,19311,9587,388,388,471677,847518,5932.01,81.0953,0.224,1.99164e+07,20,24796,1896.45,2243.95
48,2052.26,79.8795,19197,10702,387,388,480172,850469,5813.95,80.6824,0.226,1.99164e+07,20,24796,1891.3,2216.08
49,2055.39,79.5381,18897,10371,380,387,488698,852663,5726.21,80.2446,0.24,1.99164e+07,20,24796,1891.53,2218.21
50,2041.78,78.9547,18975,10491,385,380,497182,854643,5646.98,79.7868,0.23,1.99164e+07,20,24796,1887.92,2219.76
51,2049.45,78.3702,18891,10058,382,385,506015,854938,5635.2,79.3246,0.236,1.99164e+07,20,24796,1878.56,2241.01
52,2045.49,77.5318,19113,10429,387,382,514699,855942,5595.02,78.8294,0.226,1.99164e+07,20,24796,1889.56,2214.8
53,2047.81,77.2734,19197,9619,387,387,524277,853472,5693.82,78.3309,0.226,1.99164e+07,20,24796,1889.27,2217.62
54,2055.29,76.1705,19374,9751,389,387,533900,850960,5794.31,77.8357,0.222,1.99164e+07,20,24796,1890.68,2219.42
55,2041.06,75.4043,18517,12423,375,389,539994,859836,5439.27,77.1585,0.25,1.99164e+07,20,24796,1878.26,2209.6
56,2058.08,75.4631,19973,7467,399,375,552500,846885,5957.31,76.7154,0.202,1.99164e+07,20,24796,1900.18,2233.3
57,2063.58,74.1919,19090,10660,384,399,560930,847266,5942.07,76.1116,0.232,1.99164e+07,20,24796,1894.73,2205.09
58,2054.72,73.4494,19350,10465,390,384,569815,846099,5988.74,75.4831,0.22,1.99164e+07,20,24796,1889.55,2215.82
59,2044.58,72.7276,18868,11099,382,390,577584,847828,5919.58,74.7976,0.236,1.99164e+07,20,24796,1884.79,2186.46
60,2047.91,72.341,19116,11126,386,382,585574,848665,5886.11,74.0841,0.228,1.99164e+07,20,24796,1890.91,2209.6
61,2038.74,71.4046,18811,11247,381,386,593138,850162,5826.25,73.3698,0.238,1.99164e+07,20,24796,1891.92,2196.56
62,2055.25,70.1176,19202,10273,387,381,602067,847024,5951.75,72.7212,0.226,1.99164e+07,20,24796,1889.53,2220.57
63,2044.65,70.0309,19169,11285,387,387,609951,846868,5958,71.9475,0.226,1.99164e+07,20,24796,1892.46,2229.54
64,2060.44,68.907,19643,10302,392,387,619292,842457,6134.44,71.2687,0.216,1.99164e+07,20,24796,1898.95,2203.43
65,2062,68.2013,18867,13447,378,392,624712,849555,5850.5,70.3466,0.244,1.99164e+07,20,24796,1877.6,2240.61
66,2048.95,66.8423,19189,12290,388,378,631611,851217,5784.04,69.5276,0.224,1.99164e+07,20,24796,1890.87,2227.9
67,2056.66,66.0772,19325,12518,388,388,638418,852872,5717.85,68.6635,0.224,1.99164e+07,20,24796,1874.81,2259.3
68,2048.85,65.2221,18941,12689,384,388,644670,855417,5616.02,67.7865,0.232,1.99164e+07,20,24796,1890.73,2201
69,2051.79,65.0681,19204,11345,388,384,652529,852301,5740.67,66.9735,0.224,1.99164e+07,20,24796,1903.44,2237.23
70,2055.71,63.3925,19324,13588,389,388,658265,855678,5605.58,66.0549,0.222,1.99164e+07,20,24796,1901.52,2226.1
71,2052.32,62.5002,19151,12856,385,389,664560,856721,5563.88,65.1583,0.23,1.99164e+07,20,24796,1883.96,2228.82
72,2050.35,62.0365,19009,11608,385,385,671961,853495,5692.92,64.3332,0.23,1.99164e+07,20,24796,1896.35,2204.1
73,2062.27,61.1641,19322,11094,388,385,680189,847575,5929.71,63.5569,0.224,1.99164e+07,20,24796,1898.33,2228.55
74,2052.84,59.9399,18937,14642,382,388,684484,852383,5737.4,62.5386,0.236,1.99164e+07,20,24796,1898.05,2225.3
75,2057.57,58.4571,19148,13955,386,382,689677,854137,5667.24,61.5856,0.228,1.99164e+07,20,24796,1900.17,2213.45
76,2044.48,58.137,18936,13539,384,386,695074,854252,5662.64,60.6248,0.232,1.99164e+07,20,24796,1905.06,2213.39
77,2055.31,56.7122,19209,13232,388,384,701051,852300,5740.72,59.732,0.224,1.99164e+07,20,24796,1878.66,2259.48
78,2059.95,56.0652,19228,12966,386,388,707313,849043,5871,58.8337,0.228,1.99164e+07,20,24796,1895,2246.3
79,2051.27,54.7751,19188,14431,387,386,712070,849317,5860.01,57.8618,0.226,1.99164e+07,20,24796,1890.88,2230.09
80,2043.03,54.1428,18852,17440,382,387,713482,857340,5539.1,56.6733,0.236,1.99164e+07,20,24796,1891.71,2225.47
81,2054.63,52.7638,19183,13897,388,382,718768,854498,5652.8,55.7649,0.224,1.99164e+07,20,24796,1896.3,2233.04
82,2048.99,51.9583,19045,13968,384,388,723845,851823,5759.77,54.8373,0.232,1.99164e+07,20,24796,1883.58,2218.02
83,2043.3,50.9888,19373,14502,389,384,728716,849030,5871.51,53.8962,0.222,1.99164e+07,20,24796,1886.38,2208.34
84,2046.39,49.8497,19148,16536,387,389,731328,850993,5793.01,52.8361,0.226,1.99164e+07,20,24796,1887.63,2207.49
85,2053.52,49.0153,19085,16208,384,387,734205,851555,5770.51,51.7992,0.232,1.99164e+07,20,24796,1881.59,2231.75
86,2038.42,47.5068,19076,18584,386,384,734697,856839,5559.15,50.6586,0.228,1.99164e+07,20,24796,1895.82,2193.64
87,2057.16,46.8749,19270,14607,387,386,739360,851398,5776.79,49.7551,0.226,1.99164e+07,20,24796,1892.43,2217.33
88,2053.01,45.2931,19081,18691,383,387,739750,855101,5628.67,48.6517,0.234,1.99164e+07,20,24796,1877.9,2239.11
89,2054.14,44.9162,19418,15752,392,383,743416,850291,5821.05,47.7022,0.216,1.99164e+07,20,24796,1889.73,2243.79
90,2058.25,43.2581,19131,14834,383,392,747713,843587,6089.23,46.8656,0.234,1.99164e+07,20,24796,1902.58,2244.89
91,2053.85,42.701,19171,18366,385,383,748518,843358,6098.37,45.8031,0.23,1.99164e+07,20,24796,1888.38,2230.61
92,2060.91,41.7221,19279,18809,388,385,748988,842637,6127.24,44.7565,0.224,1.99164e+07,20,24796,1903.18,2229.86
93,2060.33,40.2799,19393,19303,388,388,749078,842240,6143.13,43.7253,0.224,1.99164e+07,20,24796,1882.2,2238.92
94,2055.71,39.4223,19109,20656,386,388,747531,843356,6098.47,42.6334,0.228,1.99164e+07,20,24796,1894.75,2224.58
95,2052.65,37.7184,19011,23465,383,386,743077,848988,5873.19,41.4614,0.234,1.99164e+07,20,24796,1896.14,2262.33
96,2049.81,37.8765,19250,22830,389,383,739497,851554,5770.54,40.2986,0.222,1.99164e+07,20,24796,1891.31,2229.69
97,2047.22,36.4422,19186,22124,387,389,736559,852761,5722.27,39.2497,0.226,1.99164e+07,20,24796,1872.1,2220.62
98,2054.68,35.2544,19065,22243,384,387,733381,852955,5714.53,38.2295,0.232,1.99164e+07,20,24796,1887.46,2228.02
99,2047.56,33.9926,19003,28023,383,384,724361,861715,5364.13,37.0011,0.234,1.99164e+07,20,24796,1881.37,2229.46
100,2046.43,33.391,19310,20174,390,383,723497,855623,5607.81,36.1298,0.22,1.99164e+07,20,24796,1882.52,2243.28
101,2057.75,31.9857,19277,27322,388,390,715452,860114,5428.16,35.0238,0.224,1.99164e+07,20,24796,1874.03,2272.12
102,2034.99,30.8253,18745,27112,382,388,707085,863734,5283.33,33.9724,0.236,1.99164e+07,20,24796,1883.78,2223.47
103,2042.81,30.5432,19117,22155,387,382,704047,858343,5498.98,33.1216,0.226,1.99164e+07,20,24796,1881.24,2201.51
104,2060.12,29.5295,18993,26708,383,387,696332,858707,5484.44,32.1615,0.234,1.99164e+07,20,24796,1891.25,2249.28
105,2051.41,28.7368,18989,27229,384,383,688092,858466,5494.06,31.2224,0.232,1.99164e+07,20,24796,1892.35,2239.94
106,2050.09,27.7799,19322,26203,390,384,681211,855090,5629.1,30.371,0.22,1.99164e+07,20,24796,1882.92,2239.96
107,2051.61,27.0536,19328,25862,388,390,674677,850308,5820.38,29.5595,0.224,1.99164e+07,20,24796,1886.04,2230
108,2056.71,26.0604,19170,29046,387,388,664801,848702,5884.63,28.7026,0.226,1.99164e+07,20,24796,1880.03,2249.1
109,2032.8,24.8365,18792,36676,381,387,646917,856411,5576.28,27.6952,0.238,1.99164e+07,20,24796,1888.61,2196.08
110,2046.26,24.5482,19399,31113,390,381,635203,855126,5627.69,26.8673,0.22,1.99164e+07,20,24796,1878.49,2224.06
111,2060.19,23.7212,19033,31072,383,390,623164,853032,5711.42,26.1125,0.234,1.99164e+07,20,24796,1898.33,2213.37
112,2051.88,23.2079,19333,38863,389,383,603634,858288,5501.18,25.2234,0.222,1.99164e+07,20,24796,1890.72,2212.36
113,2057.71,22.5961,19062,32881,383,389,589815,856180,5585.5,24.5351,0.234,1.99164e+07,20,24796,1890.6,2243.53
114,2054.45,22.0568,19101,33770,385,383,575146,854025,5671.7,23.8778,0.23,1.99164e+07,20,24796,1886.03,2237.35
115,2048.25,21.5267,19143,41659,387,385,552630,859353,5458.58,23.1386,0.226,1.99164e+07,20,24796,1881.43,2222.95
116,2053.42,21.3515,19108,38709,386,387,533029,860706,5404.48,22.5136,0.228,1.99164e+07,20,24796,1881.37,2243.36
117,2047.37,20.6565,19112,31338,386,386,520803,853715,5684.1,22.0763,0.228,1.99164e+07,20,24796,1897.41,2219.54
118,2058.08,20.4359,19166,37483,386,386,502486,852236,5743.29,21.585,0.228,1.99164e+07,20,24796,1888.85,2243.05
119,2053.59,20.0829,19184,38188,386,386,483482,851029,5791.55,21.155,0.228,1.99164e+07,20,24796,1871.54,2228.13
120,2049.12,20.049,18927,39797,383,386,462612,851122,5787.85,20.7641,0.234,1.99164e+07,20,24796,1891.07,2232.45
121,2042.51,19.603,19296,35955,390,383,445953,846577,5969.64,20.4878,0.22,1.99164e+07,20,24796,1891,2223.2
122,2072.94,19.8352,19396,37043,386,390,428306,842982,6113.44,20.2336,0.228,1.99164e+07,20,24796,1899.8,2243.22
123,2042.5,19.6473,19185,38445,388,386,409046,841128,6187.59,20.0546,0.224,1.99164e+07,20,24796,1880.83,2190.13
124,2040.49,20.3849,18767,47197,382,388,380616,849228,5863.59,19.906,0.236,1.99164e+07,20,24796,1896.33,2230.41
125,2046.94,21.0008,19291,46838,390,382,353069,856898,5556.79,19.9105,0.22,1.99164e+07,20,24796,1885.35,2209
126,2047.84,20.707,18941,38309,382,390,333701,857527,5531.62,20.0582,0.236,1.99164e+07,20,24796,1895.69,2202.72
127,2046.09,21.5627,19275,34717,388,382,318259,854045,5670.9,20.2304,0.224,1.99164e+07,20,24796,1886.95,2230.94
128,2046.82,22.014,19088,37270,385,388,300077,854989,5633.15,20.5361,0.23,1.99164e+07,20,24796,1888.38,2198.27
129,2053.48,23.0437,19147,34977,385,385,284247,854120,5667.9,20.9024,0.23,1.99164e+07,20,24796,1891.84,2217.17
130,2044.86,23.0599,19311,30863,391,385,272695,849345,5858.9,21.3533,0.218,1.99164e+07,20,24796,1899.98,2232.67
131,2054.02,24.5461,19177,31284,385,391,260588,846526,5971.68,21.8356,0.23,1.99164e+07,20,24796,1896.26,2229.67
132,2055.67,25.0221,19088,28158,385,385,251518,841299,6180.74,22.387,0.23,1.99164e+07,20,24796,1896.43,2239.34
133,2051.19,27.6294,19202,35340,388,385,235380,847153,5946.6,23.1482,0.224,1.99164e+07,20,24796,1904.64,2210.14
134,2051.31,28.1434,19093,29564,386,388,224909,846850,5958.72,23.9773,0.228,1.99164e+07,20,24796,1895.55,2223.07
135,2047.14,28.2534,19064,26394,383,386,217579,843845,6078.91,24.8296,0.234,1.99164e+07,20,24796,1887.23,2250.79
136,2062.28,29.8373,19349,26387,387,383,210541,841492,6173.01,25.7137,0.226,1.99164e+07,20,24796,1902.01,2252.25
137,2028.69,31.3011,18790,30436,384,387,198895,849281,5861.47,26.9329,0.232,1.99164e+07,20,24796,1894.95,2178.26
138,2040.85,32.419,19019,23372,387,384,194542,846306,5980.45,27.961,0.226,1.99164e+07,20,24796,1887.04,2229.66
139,2057.59,33.9312,19425,23535,389,387,190432,844491,6053.09,29.0646,0.222,1.99164e+07,20,24796,1895.98,2262.35
140,2046.24,34.9466,18939,25604,382,389,183767,849272,5861.83,30.4156,0.236,1.99164e+07,20,24796,1883.28,2205.25
141,2039.02,36.9678,19138,22927,386,382,179978,850628,5807.61,31.6854,0.228,1.99164e+07,20,24796,1888.94,2213.37
142,2039.66,37.2759,19019,20250,385,386,178747,848711,5884.28,32.9444,0.23,1.99164e+07,20,24796,1884.79,2211.01
143,2044.85,39.4538,19310,24014,390,385,174043,855253,5622.6,34.4742,0.22,1.99164e+07,20,24796,1891.28,2211.12
144,2052.68,40.1121,18979,17720,381,390,175302,851077,5789.64,35.6818,0.238,1.99164e+07,20,24796,1894.01,2216.94
145,2052.87,42.8471,19310,19602,389,381,175010,851499,5772.77,36.9816,0.222,1.99164e+07,20,24796,1882.93,2228.44
146,2046.39,43.6734,19253,18912,391,389,175351,851942,5755.03,38.3687,0.218,1.99164e+07,20,24796,1897.98,2195.54
147,2053.93,43.9073,18820,17334,379,391,176837,850733,5803.39,39.6769,0.242,1.99164e+07,20,24796,1895.44,2226.75
148,2031.2,46.9636,19155,18334,388,379,177658,852715,5724.12,40.9775,0.224,1.99164e+07,20,24796,1892.97,2178.89
149,2039.61,46.8222,18920,16282,384,388,180296,851340,5779.11,42.2728,0.232,1.99164e+07,20,24796,1882.77,2211.12
150,2042.85,47.7171,19152,14324,387,384,185124,845483,6013.41,43.349,0.226,1.99164e+07,20,24796,1899.05,2198.62
151,2045.75,49.572,19127,18136,385,387,186115,849803,5840.6,44.6888,0.23,1.99164e+07,20,24796,1907.51,2225.6
152,2043.23,49.9747,19107,15723,385,385,189499,849302,5860.64,45.9078,0.23,1.99164e+07,20,24796,1899.14,2232.01
153,2048.58,51.8865,19426,16885,393,385,192040,851990,5753.13,47.1471,0.214,1.99164e+07,20,24796,1885.9,2210.36
154,2047.01,52.2149,18893,15681,380,393,195252,853662,5686.22,48.3551,0.24,1.99164e+07,20,24796,1895.13,2231.07
155,2043.41,53.8073,18986,15079,385,380,199159,853906,5676.46,49.444,0.23,1.99164e+07,20,24796,1892.45,2224.1
156,2045.28,54.4497,19003,15877,385,385,202285,857331,5539.46,50.6313,0.23,1.99164e+07,20,24796,1889.04,2223.87
157,2048.86,55.0823,19369,14380,391,385,207274,856627,5567.65,51.6809,0.218,1.99164e+07,20,24796,1899,2214.95
158,2054.98,56.2973,19161,15391,385,391,211044,859992,5433.02,52.753,0.23,1.99164e+07,20,24796,1884.07,2233.18
159,2053.59,56.9163,19217,13436,387,385,216825,858307,5500.43,53.6818,0.226,1.99164e+07,20,24796,1888.66,2224.89
160,2048.89,57.9936,19071,13359,386,387,222537,856884,5557.35,54.5484,0.228,1.99164e+07,20,24796,1893.08,2232.64
161,2044.27,58.8662,19103,12364,387,386,229276,853230,5703.53,55.3186,0.226,1.99164e+07,20,24796,1894.63,2203.92
162,2047.42,59.4225,19024,15370,381,387,232930,859306,5460.48,56.2625,0.238,1.99164e+07,20,24796,1892.58,2211.3
163,2055.84,59.66,19174,12096,384,381,240008,855533,5611.4,56.9811,0.232,1.99164e+07,20,24796,1885.65,2255.05
164,2033.12,60.7752,19205,13725,390,384,245488,857041,5551.08,57.7229,0.22,1.99164e+07,20,24796,1899.18,2195.03
165,2050.27,60.9523,19331,11653,390,390,253166,852547,5730.84,58.346,0.22,1.99164e+07,20,24796,1880.55,2220.42
166,2044.5,61.4622,19010,13463,383,390,258713,854590,5649.13,59.0057,0.234,1.99164e+07,20,24796,1882.31,2205.08
167,2046.43,61.6996,19087,12406,386,383,265394,853206,5704.48,59.5868,0.228,1.99164e+07,20,24796,1885.58,2227.44
168,2040.62,62.3612,19074,12853,386,386,271615,853732,5683.45,60.1335,0.228,1.99164e+07,20,24796,1879.84,2208.29
169,2036.37,62.6524,19189,11723,388,386,279081,850784,5801.37,60.6059,0.224,1.99164e+07,20,24796,1887.55,2213.4
170,2040.47,62.9051,18794,12879,380,388,284996,852309,5740.34,61.085,0.24,1.99164e+07,20,24796,1884.38,2221.55
171,2053.24,63.1233,19258,12467,387,380,291787,851847,5758.82,61.5132,0.226,1.99164e+07,20,24796,1867.73,2266.7
172,2027.09,63.7113,18890,13706,384,387,296971,856206,5584.49,61.9301,0.232,1.99164e+07,20,24796,1869.33,2217.11
173,2050.55,63.9631,19283,12382,388,384,303872,855856,5598.48,62.286,0.224,1.99164e+07,20,24796,1885.29,2219.2
174,2042.9,63.9894,19182,9891,387,388,313163,847757,5922.44,62.5406,0.226,1.99164e+07,20,24796,1899.54,2218.41
175,2042.14,64.1186,19277,11954,389,387,320486,846231,5983.46,62.8,0.222,1.99164e+07,20,24796,1889.42,2204.12
176,2049.14,64.1575,19017,14526,383,389,324977,853451,5694.68,63.0819,0.234,1.99164e+07,20,24796,1894.82,2208.74
177,2051.91,64.4386,19164,11034,388,383,333107,849197,5864.83,63.2567,0.224,1.99164e+07,20,24796,1892.79,2216.13
178,2039.1,64.4516,18991,13888,383,388,338210,854639,5647.15,63.4518,0.234,1.99164e+07,20,24796,1893.05,2200.93
179,2052.34,64.4161,19192,10362,387,383,347040,848274,5901.77,63.5701,0.226,1.99164e+07,20,24796,1884.12,2226.14
180,2040.54,64.2303,19374,13173,391,387,353241,850375,5817.72,63.6868,0.218,1.99164e+07,20,24796,1894.39,2225.4
181,2047.44,64.4309,19025,12955,383,391,359311,853006,5712.46,63.7538,0.234,1.99164e+07,20,24796,1882.1,2207.05
182,2047.97,64.2507,19112,12005,383,383,366418,851972,5753.83,63.8007,0.234,1.99164e+07,20,24796,1900.76,2258.35
183,2043.56,64.1662,19301,12078,389,383,373641,850981,5793.47,63.812,0.222,1.99164e+07,20,24796,1892.17,2205.9
184,2046.22,64.2091,19107,13031,386,389,379717,853361,5698.26,63.7868,0.228,1.99164e+07,20,24796,1868.25,2220.43
185,2048.48,64.0374,19415,10554,390,386,388578,847137,5947.24,63.747,0.22,1.99164e+07,20,24796,1887.04,2235.76
186,2043.18,63.8611,18795,12485,380,390,394888,848049,5910.76,63.665,0.24,1.99164e+07,20,24796,1890.72,2236.28
187,2045.71,63.5833,19261,13307,389,380,400842,850546,5810.88,63.5553,0.222,1.99164e+07,20,24796,1884.27,2211.97
188,2039.28,63.3233,19020,13665,386,389,406197,854362,5658.23,63.4161,0.228,1.99164e+07,20,24796,1889.04,2225.03
189,2046.7,62.8451,19059,12931,385,386,412325,856037,5591.22,63.2699,0.23,1.99164e+07,20,24796,1883.51,2198.14
190,2041.33,63.126,19281,13888,389,385,417718,859857,5438.43,63.0576,0.222,1.99164e+07,20,24796,1890.44,2223.86
191,2044.6,62.7964,18987,11714,382,389,424991,857556,5530.47,62.8775,0.236,1.99164e+07,20,24796,1880.93,2219.73
192,2045.51,62.5053,19257,11487,389,382,432761,853820,5679.91,62.6752,0.222,1.99164e+07,20,24796,1883.53,2204.94
193,2055.99,62.0844,19027,11870,384,389,439918,851263,5782.19,62.4452,0.232,1.99164e+07,20,24796,1883.64,2241.75
194,2050.59,61.4847,19067,14394,385,384,444591,856235,5583.3,62.1475,0.23,1.99164e+07,20,24796,1877.16,2231.28
195,2048.35,61.1703,19011,15533,382,385,448069,864619,5247.94,61.7977,0.236,1.99164e+07,20,24796,1885.41,2216.49
196,2042.7,61.0467,19276,10744,391,382,456601,857307,5540.44,61.5357,0.218,1.99164e+07,20,24796,1889.59,2215.75
197,2046.61,60.652,19017,12809,384,391,462809,857081,5549.47,61.2085,0.232,1.99164e+07,20,24796,1878.09,2196.75
198,2036.13,60.0093,19090,13791,388,384,468108,859033,5471.4,60.8476,0.224,1.99164e+07,20,24796,1886.17,2199.52
199,2047.08,59.8159,19353,12714,389,388,474747,857307,5540.42,60.4818,0.222,1.99164e+07,20,24796,1893.35,2205.12
200,2041.02,59.1888,18955,12800,383,389,480902,856454,5574.55,60.1113,0.234,1.99164e+07,20,24796,1877.86,2195.81
201,2049.11,58.8327,19110,11727,385,383,488285,851406,5776.46,59.7482,0.23,1.99164e+07,20,24796,1897.41,2230.06
202,2037.97,58.2333,18915,13306,383,385,493894,851156,5786.46,59.326,0.234,1.99164e+07,20,24796,1899.62,2197.19
203,2046.31,57.5873,19551,13015,392,383,500430,848858,5878.41,58.9014,0.216,1.99164e+07,20,24796,1885.94,2206.68
204,2036.6,56.8885,19014,13880,383,392,505564,849547,5850.83,58.4351,0.234,1.99164e+07,20,24796,1891.99,2192.3
205,2048.93,56.563,19262,13130,388,383,511696,847117,5948.05,57.9681,0.224,1.99164e+07,20,24796,1886.64,2232.07
206,2042.4,55.8108,19040,15846,385,388,514890,852238,5743.19,57.4082,0.23,1.99164e+07,20,24796,1895.23,2202.87
207,2045.55,55.743,19592,12844,393,385,521638,847600,5928.7,56.9262,0.214,1.99164e+07,20,24796,1913.18,2209.96
208,2049.82,55.0921,18793,16395,378,393,524036,854202,5664.64,56.3202,0.244,1.99164e+07,20,24796,1882.33,2206.76
209,2035.95,54.4942,19044,15067,386,378,528013,855974,5593.76,55.7601,0.228,1.99164e+07,20,24796,1891.14,2202.61
210,2064.46,53.7335,19292,14182,385,386,533123,854566,5650.07,55.2338,0.23,1.99164e+07,20,24796,1892.41,2244.43
211,2020.98,53.1291,19064,13847,388,385,538340,852260,5742.29,54.7072,0.224,1.99164e+07,20,24796,1888.55,2182.79
212,2045.65,52.6683,19070,14282,384,388,543128,850776,5801.68,54.1501,0.232,1.99164e+07,20,24796,1881.14,2221.63
213,2052.71,51.8616,19243,14815,387,384,547556,849559,5850.36,53.5799,0.226,1.99164e+07,20,24796,1895.5,2234.93
214,2046.42,51.3257,19433,15992,390,387,550997,850868,5797.97,52.9463,0.22,1.99164e+07,20,24796,1887.9,2218.71
215,2054.83,50.6166,18982,17768,381,390,552211,856983,5553.41,52.2491,0.238,1.99164e+07,20,24796,1882.15,2218.37
216,2039.9,50.0065,19148,15833,387,381,555526,857090,5549.11,51.6291,0.226,1.99164e+07,20,24796,1899.09,2215.76
217,2052.93,49.641,19279,14540,390,387,560265,853031,5711.46,51.0493,0.22,1.99164e+07,20,24796,1894.14,2248.35
218,2045.57,48.7448,19151,16771,386,390,562645,854583,5649.38,50.3985,0.228,1.99164e+07,20,24796,1887.25,2211.37
219,2048.46,48.0952,19089,16729,385,386,565005,855468,5614,49.7429,0.23,1.99164e+07,20,24796,1896.59,2196.22
220,2047.01,47.5348,19195,16437,387,385,567763,854866,5638.07,49.0985,0.226,1.99164e+07,20,24796,1898.78,2211.89
221,2045.98,46.7186,18704,16227,379,387,570240,854406,5656.48,48.4724,0.242,1.99164e+07,20,24796,1892.8,2201.42
222,2039.25,45.9485,19196,20290,386,379,569146,861469,5373.95,47.6948,0.228,1.99164e+07,20,24796,1903.67,2203.64
223,2046.77,45.4449,19537,15253,394,386,573430,855964,5594.16,47.1092,0.212,1.99164e+07,20,24796,1887.23,2223.41
224,2043.26,44.3651,19189,19068,388,394,573551,859092,5469.02,46.4014,0.224,1.99164e+07,20,24796,1889.65,2208.52
225,2046.46,43.9809,18825,17090,379,388,575286,858126,5507.69,45.7516,0.242,1.99164e+07,20,24796,1880.57,2209.17
226,2055.61,43.356,19424,15942,390,379,578768,853010,5712.33,45.158,0.22,1.99164e+07,20,24796,1874.48,2254.97
227,2045.48,42.7078,19088,15528,385,390,582328,846862,5958.22,44.584,0.23,1.99164e+07,20,24796,1883.25,2230.69
228,2036.2,41.5558,18948,17661,384,385,583615,844953,6034.58,43.9522,0.232,1.99164e+07,20,24796,1879.9,2225.48
229,2034.78,41.0997,19128,22964,387,384,579779,852932,5715.45,43.1135,0.226,1.99164e+07,20,24796,1877.43,2194.02
230,2053.51,40.6089,18830,19145,380,387,579464,853042,5711.05,42.4303,0.24,1.99164e+07,20,24796,1877.5,2245.35
231,2036.15,39.7833,19545,15502,394,380,583507,844056,6070.48,41.9006,0.212,1.99164e+07,20,24796,1872.06,2225.14
232,2059.94,39.2118,19057,21294,379,394,581270,846983,5953.39,41.1635,0.242,1.99164e+07,20,24796,1875.54,2240.71
233,2048.98,38.3324,19605,19879,393,379,580996,845356,6018.45,40.5028,0.214,1.99164e+07,20,24796,1876.18,2224.7
234,2053.96,37.9276,19173,20704,385,393,579465,845249,6022.74,39.808,0.23,1.99164e+07,20,24796,1882.65,2241.47
235,2040.57,36.5846,18712,27338,377,385,570839,857479,5533.57,38.9617,0.246,1.99164e+07,20,24796,1876.43,2219.39
236,2040.7,36.5644,19397,21807,391,377,568429,857506,5532.49,38.2728,0.218,1.99164e+07,20,24796,1881.85,2215.85
237,2040.89,35.9706,19242,22965,387,391,564706,859174,5465.76,37.5889,0.226,1.99164e+07,20,24796,1889.59,2222.74
238,2038.66,35.2978,18954,23053,384,387,560607,860737,5403.24,36.929,0.232,1.99164e+07,20,24796,1886.44,2222.02
239,2046.04,34.6657,19155,17581,385,384,562181,851996,5752.86,36.4401,0.23,1.99164e+07,20,24796,1892.57,2213.8
240,2053.65,34.054,19517,22108,392,385,559590,849569,5849.94,35.8321,0.216,1.99164e+07,20,24796,1893.61,2240.59
241,2029.41,33.4775,18963,22488,385,392,556065,848125,5907.72,35.2323,0.23,1.99164e+07,20,24796,1893.77,2205.51
242,2046.49,32.9975,19108,26985,385,385,548188,853053,5710.59,34.5354,0.23,1.99164e+07,20,24796,1883.84,2239.57
243,2045.96,32.4463,19218,21393,389,385,546013,848032,5911.41,34.0102,0.222,1.99164e+07,20,24796,1885.8,2220.2
244,2039.07,31.8088,19073,26673,387,389,538413,850879,5797.56,33.3822,0.226,1.99164e+07,20,24796,1880.19,2239.1
245,2057.42,31.5034,19352,29219,386,387,528546,857141,5547.07,32.717,0.228,1.99164e+07,20,24796,1893.67,2213.29
246,2044.93,30.7276,18758,27230,379,386,520074,860646,5406.89,32.1547,0.242,1.99164e+07,20,24796,1886.09,2201.46
247,2027.81,30.3333,19019,26003,386,379,513090,860885,5397.31,31.6367,0.228,1.99164e+07,20,24796,1888.61,2204.17
248,2042.44,30.0232,19368,25694,390,386,506764,859468,5453.99,31.1504,0.22,1.99164e+07,20,24796,1881.58,2226.54
249,2043.44,29.6752,19087,28457,384,390,497394,862387,5337.25,30.6431,0.232,1.99164e+07,20,24796,1879.68,2223.65
250,2046.43,29.1764,19092,27824,386,384,488662,863504,5292.55,30.1899,0.228,1.99164e+07,20,24796,1878.55,2239.31
251,2040.19,28.8938,18952,24279,385,386,483335,859050,5470.7,29.8143,0.23,1.99164e+07,20,24796,1888.38,2238.36
252,2042.6,28.4734,19200,27148,388,385,475387,858199,5504.77,29.4245,0.224,1.99164e+07,20,24796,1868,2248.46
253,2050.89,28.1901,19291,26241,387,388,468437,855651,5606.65,29.0709,0.226,1.99164e+07,20,24796,1863.13,2227.7
254,2038.51,27.9684,19287,27948,391,387,459776,854927,5635.64,28.7215,0.218,1.99164e+07,20,24796,1876.85,2195.79
255,2036.57,27.8514,18676,30969,377,391,447483,859386,5457.26,28.3712,0.246,1.99164e+07,20,24796,1896.38,2189.72
256,2043.69,27.7215,19207,28090,387,377,438600,858489,5493.17,28.0929,0.226,1.99164e+07,20,24796,1883.57,2229.29
257,2043.01,27.3175,19513,22802,395,387,435311,849457,5854.44,27.8995,0.21,1.99164e+07,20,24796,1880.4,2199.99
258,2059.18,27.1892,18972,28774,379,395,425509,849509,5852.36,27.6654,0.242,1.99164e+07,20,24796,1889.58,2235.29
259,2042.8,27.4559,18950,33327,382,379,411132,855656,5606.46,27.4314,0.236,1.99164e+07,20,24796,1887.72,2217.35
260,2033.66,27.2855,19257,26793,390,382,403596,852220,5743.92,27.299,0.22,1.99164e+07,20,24796,1890.68,2197.84
261,2049.83,27.3288,19157,30179,386,390,392574,853695,5684.91,27.1798,0.228,1.99164e+07,20,24796,1878.62,2215.17
262,2030.73,27.201,19098,28251,387,386,383421,852797,5720.83,27.1156,0.226,1.99164e+07,20,24796,1888.14,2184.73
263,2054.21,27.3875,19135,29658,383,387,372898,853723,5683.8,27.0792,0.234,1.99164e+07,20,24796,1895.73,2228.23
264,2046.53,27.289,19553,24335,392,383,368116,846675,5965.7,27.0889,0.216,1.99164e+07,20,24796,1892.42,2220.76
265,2043.47,27.6212,18883,30076,382,392,356923,849094,5868.94,27.1198,0.236,1.99164e+07,20,24796,1875.68,2211.25
266,2036.3,28.0443,19013,31651,385,382,344285,853882,5677.43,27.2136,0.23,1.99164e+07,20,24796,1894.07,2183.89
267,2043.2,28.1519,19076,26875,383,385,336486,852119,5747.94,27.3516,0.234,1.99164e+07,20,24796,1905.43,2216.75
268,2043.69,28.693,19705,25160,395,383,331031,847243,5942.98,27.4956,0.21,1.99164e+07,20,24796,1883.07,2218.89
269,2041.32,28.9278,18851,29328,383,395,320554,850369,5817.95,27.7248,0.234,1.99164e+07,20,24796,1881.11,2184.94
270,2039.95,29.5487,19002,31012,383,383,308544,856299,5580.74,28.0266,0.234,1.99164e+07,20,24796,1883.39,2236.38
271,2041.61,30.0848,19605,26771,395,383,301378,855375,5617.7,28.3479,0.21,1.99164e+07,20,24796,1892.18,2216.03
272,2036.39,30.1637,18748,26551,379,395,293575,856420,5575.91,28.7318,0.242,1.99164e+07,20,24796,1892.59,2212.12
273,2038.91,30.8073,18912,25056,381,379,287431,855540,5611.12,29.116,0.238,1.99164e+07,20,24796,1886.83,2219.02
274,2036.89,31.3455,19220,25819,387,381,280832,856191,5585.05,29.5691,0.226,1.99164e+07,20,24796,1895.03,2189
275,2039.36,32.2435,18978,24650,385,387,275160,855800,5600.73,30.029,0.23,1.99164e+07,20,24796,1888.16,2211.44
276,2040.8,32.4387,19425,22168,392,385,272417,851471,5773.87,30.5039,0.216,1.99164e+07,20,24796,1884.41,2227.34
277,2038.57,33.3429,18802,25777,380,392,265442,855026,5631.69,31.0697,0.24,1.99164e+07,20,24796,1879.31,2190.91
278,2033.85,33.9116,19066,22715,386,380,261793,853629,5687.57,31.6257,0.228,1.99164e+07,20,24796,1895.04,2209.06
279,2032.96,34.9602,19191,22629,388,386,258355,852934,5715.36,32.1953,0.224,1.99164e+07,20,24796,1866.02,2199
280,2033.69,35.1315,19170,22959,387,388,254566,853681,5685.47,32.8517,0.226,1.99164e+07,20,24796,1876.72,2200.13
281,2040.36,35.9151,19086,22281,387,387,251371,853758,5682.39,33.4979,0.226,1.99164e+07,20,24796,1882.01,2218.6
282,2038.14,36.6931,19057,19406,384,387,251022,849857,5838.44,34.0803,0.232,1.99164e+07,20,24796,1882.82,2212.84
283,2041.83,37.5357,19286,22267,387,384,248041,851494,5772.97,34.7789,0.226,1.99164e+07,20,24796,1884.47,2184.05
284,2039.42,38.118,19337,19528,390,387,247850,848482,5893.42,35.4198,0.22,1.99164e+07,20,24796,1876.36,2203.16
285,2054.26,39.0585,19284,21762,386,390,245372,850585,5809.32,36.1473,0.228,1.99164e+07,20,24796,1875.33,2230.61
286,2036.41,39.4645,18932,18755,383,386,245549,848204,5904.55,36.8097,0.234,1.99164e+07,20,24796,1880.43,2217.97
287,2040.38,40.7342,18957,23957,382,383,240549,856937,5555.22,37.6702,0.236,1.99164e+07,20,24796,1901.73,2216.46
288,2047.85,41.2908,19220,18107,385,382,241662,854091,5669.05,38.3611,0.23,1.99164e+07,20,24796,1892.22,2227.69
289,2039.68,42.1058,19291,18765,390,385,242188,853246,5702.89,39.0762,0.22,1.99164e+07,20,24796,1875.73,2221.52
290,2038.08,43.3963,19013,22328,385,390,238873,861435,5375.31,39.945,0.23,1.99164e+07,20,24796,1871.76,2191.46
291,2040.85,43.2889,19245,17845,388,385,240273,860099,5428.75,40.7079,0.224,1.99164e+07,20,24796,1876.91,2231.83
292,2039.85,43.9664,19095,17981,384,388,241387,860081,5429.46,41.4428,0.232,1.99164e+07,20,24796,1882.5,2211.32
293,2032.45,44.688,19144,15246,388,384,245285,854488,5653.2,42.0537,0.224,1.99164e+07,20,24796,1880.94,2209.91
294,2051.33,45.113,19368,13958,389,388,250695,845991,5993.05,42.6022,0.222,1.99164e+07,20,24796,1879.35,2224.56
295,2039.79,46.1337,18747,18500,378,389,250942,849527,5851.65,43.2977,0.244,1.99164e+07,20,24796,1875.06,2212.67
296,2034.74,46.4268,19330,16802,390,378,253470,848473,5893.81,43.9567,0.22,1.99164e+07,20,24796,1885.98,2213.76
297,2037.26,47.2039,19146,17944,385,390,254672,851011,5792.28,44.6344,0.23,1.99164e+07,20,24796,1884.47,2209.22
298,2039.52,47.8309,19345,17177,390,385,256840,851885,5757.31,45.2859,0.22,1.99164e+07,20,24796,1886.98,2203.19
299,2043.77,48.3614,19040,16794,384,390,259086,852973,5713.78,45.9175,0.232,1.99164e+07,20,24796,1887.21,2208.79
300,2045.93,48.9226,19170,18353,387,384,259903,857785,5521.32,46.6061,0.226,1.99164e+07,20,24796,1893.36,2231.09
301,2035.19,49.4043,19028,16244,385,387,262687,858448,5494.81,47.2081,0.23,1.99164e+07,20,24796,1876.98,2204.15
302,2034.86,49.7871,19013,14775,385,385,266925,856033,5591.41,47.7424,0.23,1.99164e+07,20,24796,1879.99,2189.58
303,2041.89,50.2361,19266,14310,389,385,271881,852388,5737.2,48.2354,0.222,1.99164e+07,20,24796,1873.3,2214.2
304,2035.25,50.9565,19128,16335,386,389,274674,854123,5667.79,48.7652,0.228,1.99164e+07,20,24796,1882.47,2231.47
305,2039.21,51.2801,19074,14843,385,386,278905,852719,5723.97,49.2432,0.23,1.99164e+07,20,24796,1881.04,2213.76
306,2039.64,51.356,19232,14150,389,385,283987,849315,5860.11,49.684,0.222,1.99164e+07,20,24796,1875.48,2208.03
307,2039.59,51.9799,18919,16247,383,389,286659,852019,5751.94,50.1442,0.234,1.99164e+07,20,24796,1888.15,2224.92
308,2044.2,52.3341,19159,14716,385,383,291102,850990,5793.12,50.5522,0.23,1.99164e+07,20,24796,1868.55,2224.61
309,2038.54,52.5877,19050,13251,384,385,296901,846430,5975.5,50.8976,0.232,1.99164e+07,20,24796,1872.41,2245.23
310,2032.08,52.877,18813,15328,383,384,300386,847937,5915.24,51.2713,0.234,1.99164e+07,20,24796,1869.7,2231.09
311,2026.93,53.4021,19137,15450,388,383,304073,849433,5855.4,51.619,0.224,1.99164e+07,20,24796,1880.9,2176.32
312,2044.97,53.4255,19195,14022,386,388,309246,847232,5943.43,51.9314,0.228,1.99164e+07,20,24796,1884.71,2226.48
313,2046.51,53.7335,19282,14419,389,386,314109,845817,6000.04,52.2136,0.222,1.99164e+07,20,24796,1885.72,2227.56
314,2031.47,53.8967,19205,16949,387,389,316365,851824,5759.76,52.5325,0.226,1.99164e+07,20,24796,1865.51,2206.6
315,2041.64,53.9208,19078,15848,386,387,319595,855222,5623.82,52.8199,0.228,1.99164e+07,20,24796,1875.71,2204.8
316,2034.08,54.0016,19001,15027,381,386,323569,856935,5555.32,53.0707,0.238,1.99164e+07,20,24796,1879.17,2211.68
317,2048.07,54.4729,19240,13572,389,381,329237,853777,5681.65,53.2581,0.222,1.99164e+07,20,24796,1886.44,2236.19
318,2032.56,54.5178,19037,15643,384,389,332631,857209,5544.36,53.4688,0.232,1.99164e+07,20,24796,1872.78,2204.74
319,2033.63,54.5536,18925,14422,384,384,337134,857253,5542.6,53.6435,0.232,1.99164e+07,20,24796,1883.97,2220.46
320,2038.96,54.6577,19253,16153,386,384,340234,861732,5363.44,53.816,0.228,1.99164e+07,20,24796,1881.81,2209.52
321,2051.83,54.551,19507,11102,390,386,348639,852063,5750.21,53.9201,0.22,1.99164e+07,20,24796,1876.33,2230.05
322,2030.91,54.7104,19140,15439,386,390,352340,854751,5642.67,54.0198,0.228,1.99164e+07,20,24796,1890.9,2212.04
323,2031.56,54.6803,19182,13671,388,386,357851,852612,5728.21,54.094,0.224,1.99164e+07,20,24796,1889.83,2187.23
324,2038.57,54.6807,19031,15055,382,388,361827,854717,5644.03,54.1509,0.236,1.99164e+07,20,24796,1873.4,2212.57
325,2044.82,54.6277,18957,14250,382,382,366534,854499,5652.77,54.1871,0.236,1.99164e+07,20,24796,1881.83,2225.34
326,2047.13,54.4205,19511,12562,392,382,373483,848483,5893.39,54.2033,0.216,1.99164e+07,20,24796,1876.78,2232.46
327,2037.21,54.6706,19113,15192,386,392,377404,850294,5820.95,54.1761,0.228,1.99164e+07,20,24796,1888.36,2216.71
328,2037.97,54.4764,19370,13881,389,386,382893,848374,5897.74,54.1487,0.222,1.99164e+07,20,24796,1874.58,2219.81
329,2040.62,54.3387,19000,15482,383,389,386411,851328,5779.59,54.0934,0.234,1.99164e+07,20,24796,1882.36,2195.81
330,2040.58,54.064,19218,15991,387,383,389638,854796,5640.87,54.0264,0.226,1.99164e+07,20,24796,1891.51,2231.28
331,2036.37,53.8944,19038,16367,387,387,392309,859567,5450.03,53.9392,0.226,1.99164e+07,20,24796,1871.43,2225.48
332,2035.97,53.9327,19291,13488,387,387,398112,856396,5576.88,53.8442,0.226,1.99164e+07,20,24796,1890.82,2199.48
333,2042.59,53.7609,18999,14943,381,387,402168,857588,5529.19,53.7264,0.238,1.99164e+07,20,24796,1883.94,2214.43
334,2040.49,53.5174,19057,15481,385,381,405744,859762,5442.24,53.5917,0.23,1.99164e+07,20,24796,1875.2,2208.89
335,2029.93,53.2812,19125,13959,387,385,410910,857720,5523.91,53.454,0.226,1.99164e+07,20,24796,1881.65,2199.3
336,2044.73,53.1189,19483,13640,391,387,416753,853955,5674.53,53.298,0.218,1.99164e+07,20,24796,1889.07,2206.58
337,2034.94,52.7902,19004,15682,383,391,420075,856340,5579.11,53.106,0.234,1.99164e+07,20,24796,1870.84,2204
338,2023.87,52.5544,19012,15451,387,383,423636,857796,5520.89,52.9001,0.226,1.99164e+07,20,24796,1886.09,2169.14
339,2031.77,52.5272,18986,14160,385,387,428462,855662,5606.22,52.6897,0.23,1.99164e+07,20,24796,1889.17,2210.08
340,2039.25,52.0744,19252,13731,389,385,433983,851771,5761.89,52.4855,0.222,1.99164e+07,20,24796,1883.81,2212.94
341,2036.39,51.795,19354,14704,390,389,438633,850110,5828.3,52.2432,0.22,1.99164e+07,20,24796,1886.51,2188.73
342,2042.45,51.4091,18602,16606,375,390,440629,854640,5647.13,51.9587,0.25,1.99164e+07,20,24796,1886.24,2226.11
343,2031.49,51.1611,19367,14079,393,375,445917,850879,5797.53,51.7046,0.214,1.99164e+07,20,24796,1886.35,2190.05
344,2045.25,50.8563,18632,15698,374,393,448851,852554,5730.56,51.4081,0.252,1.99164e+07,20,24796,1888.1,2207.04
345,2030.43,50.3355,19644,14239,397,374,454256,848075,5909.72,51.1382,0.206,1.99164e+07,20,24796,1902.68,2187.23
346,2041.91,50.1222,19329,16439,386,397,457146,849950,5834.7,50.7986,0.228,1.99164e+07,20,24796,1883.27,2197.65
347,2041.99,49.7814,19336,14537,388,386,461945,846621,5967.88,50.4942,0.224,1.99164e+07,20,24796,1886.15,2214.59
348,2046.63,49.3876,19211,14970,385,388,466186,844324,6059.75,50.1695,0.23,1.99164e+07,20,24796,1879.51,2237.08
349,2031.97,49.0358,18777,18047,380,385,466916,849852,5838.63,49.7674,0.24,1.99164e+07,20,24796,1886.53,2198.35
350,2044.65,48.4859,19476,16620,391,380,469772,850350,5818.72,49.4031,0.218,1.99164e+07,20,24796,1873.87,2244.09
351,2036.82,48.0916,19360,14564,390,391,474568,845684,6005.35,49.0711,0.22,1.99164e+07,20,24796,1882.96,2225.04
352,2020.47,47.8187,18724,19894,380,390,473398,854564,5650.16,48.6043,0.24,1.99164e+07,20,24796,1891.72,2176.23
353,2033.94,47.2139,19255,14649,390,380,478004,849794,5840.96,48.2741,0.22,1.99164e+07,20,24796,1877.32,2204.16
354,2038.97,46.9265,19108,15159,385,390,481953,846180,5985.51,47.9093,0.23,1.99164e+07,20,24796,1875.29,2212.07
355,2041.03,46.5277,18909,16931,380,385,483931,846902,5956.65,47.4991,0.24,1.99164e+07,20,24796,1884.25,2200.78
356,2035.12,46.1646,19317,17692,390,380,485556,848001,5912.69,47.0671,0.22,1.99164e+07,20,24796,1875.48,2209.25
357,2043.68,45.7724,19010,18204,381,390,486362,850419,5815.93,46.6231,0.238,1.99164e+07,20,24796,1892.84,2229.4
358,2034.38,45.1479,19659,16989,397,381,489032,848348,5898.78,46.2185,0.206,1.99164e+07,20,24796,1883.03,2218.47
359,2036.75,44.722,18966,18943,381,397,489055,852100,5748.73,45.7563,0.238,1.99164e+07,20,24796,1877.82,2182.04
360,2032.1,43.9278,19080,18187,386,381,489948,853334,5699.35,45.3303,0.228,1.99164e+07,20,24796,1873.06,2204.84
361,2032.98,43.8138,19165,19058,386,386,490055,855930,5595.52,44.86,0.228,1.99164e+07,20,24796,1876.84,2192.39
362,2035.41,43.3694,19014,17659,383,386,491410,855424,5615.75,44.4386,0.234,1.99164e+07,20,24796,1877.95,2213.29
363,2032.93,42.9696,18976,17615,383,383,492771,854340,5659.1,44.0165,0.234,1.99164e+07,20,24796,1879.92,2213.02
364,2032.45,42.6531,19293,17289,388,383,494775,851806,5760.49,43.5985,0.224,1.99164e+07,20,24796,1870.4,2204.49
365,2036.6,41.9544,19048,17071,385,388,496752,848576,5889.67,43.1998,0.23,1.99164e+07,20,24796,1877.98,2228.16
366,2027.92,41.4543,19274,19809,389,385,496217,850198,5824.81,42.73,0.222,1.99164e+07,20,24796,1882.56,2199.23
367,2030.72,41.0911,19145,19859,387,389,495503,851909,5756.36,42.2585,0.226,1.99164e+07,20,24796,1879.74,2194.91
368,2038.35,40.6646,19283,18654,388,387,496132,850389,5817.14,41.8248,0.224,1.99164e+07,20,24796,1875.8,2217.66
369,2037.85,40.2063,19081,20826,384,388,494387,853263,5702.18,41.3487,0.232,1.99164e+07,20,24796,1877.53,2190.63
370,2042.52,39.8265,19206,21710,387,384,491883,856976,5553.67,40.8596,0.226,1.99164e+07,20,24796,1880.93,2236.39
371,2045.45,39.4716,19147,17529,385,387,493501,852202,5744.63,40.4719,0.23,1.99164e+07,20,24796,1883.85,2214.95
372,2033.05,38.8193,19092,18552,387,385,494041,848976,5873.67,40.0745,0.226,1.99164e+07,20,24796,1884.91,2217.33
373,2047.34,38.4742,19003,20606,383,387,492438,849570,5849.93,39.6262,0.234,1.99164e+07,20,24796,1879.31,2217.47
374,2036.26,38.0682,19016,22864,382,383,488590,854268,5662.01,39.1439,0.236,1.99164e+07,20,24796,1876.8,2200.55
375,2026.33,37.7018,19320,24837,389,382,483073,861663,5366.21,38.6413,0.222,1.99164e+07,20,24796,1881.47,2201.06
376,2031.63,37.3425,19165,21813,387,389,480425,863082,5309.44,38.22,0.226,1.99164e+07,20,24796,1884.39,2182.82
377,2041.63,36.892,19235,18324,387,387,481336,857629,5527.55,37.8778,0.226,1.99164e+07,20,24796,1870.57,2206.67
378,2033.54,36.5342,19077,21828,387,387,478585,858253,5502.61,37.4706,0.226,1.99164e+07,20,24796,1873.48,2210.69
379,2041.9,36.3214,18982,20224,382,387,477343,855880,5597.52,37.0982,0.236,1.99164e+07,20,24796,1880.39,2224.98
380,2027.72,35.761,19159,21431,388,382,475071,854693,5645,36.7275,0.224,1.99164e+07,20,24796,1890.44,2211.26
381,2033.93,35.45,19169,23247,387,388,470993,856537,5571.25,36.3296,0.226,1.99164e+07,20,24796,1879.3,2194.86
382,2029.69,35.1912,18803,26394,381,387,463402,864269,5261.94,35.9002,0.238,1.99164e+07,20,24796,1879.92,2195.81
383,2036.24,34.8583,19619,20111,394,381,462910,859276,5461.69,35.5944,0.212,1.99164e+07,20,24796,1881.95,2202.3
384,2037.28,34.57,19131,22158,385,394,459883,858460,5494.33,35.2631,0.23,1.99164e+07,20,24796,1865.82,2218.11
385,2041.57,34.1972,19107,23355,385,385,455635,859218,5464.01,34.9328,0.23,1.99164e+07,20,24796,1874.56,2201.88
386,2031.91,33.9738,19079,24015,386,385,450699,860727,5403.65,34.6059,0.228,1.99164e+07,20,24796,1865.16,2240.88
387,2035.05,33.7016,19229,23013,387,386,446915,860180,5425.53,34.3129,0.226,1.99164e+07,20,24796,1877.49,2196.07
388,2033.74,33.374,19246,24144,389,387,442017,861126,5387.65,34.0256,0.222,1.99164e+07,20,24796,1870.2,2195.85
389,2038.25,33.2496,18989,23846,384,389,437160,861553,5370.58,33.7537,0.232,1.99164e+07,20,24796,1878.95,2219.32
390,2029.88,33.0792,18863,22995,381,384,433028,860984,5393.36,33.5108,0.238,1.99164e+07,20,24796,1872.65,2183.47
391,2034.9,32.7342,19063,21255,385,381,430836,856930,5555.5,33.3054,0.23,1.99164e+07,20,24796,1875.76,2185.73
392,2047.79,32.7497,19399,25403,390,385,424832,858443,5495.01,33.0623,0.22,1.99164e+07,20,24796,1877.83,2234.26
393,2047.82,32.7308,19129,23512,386,390,420449,857198,5544.79,32.8579,0.228,1.99164e+07,20,24796,1876.37,2237.31
394,2036.34,32.4519,18850,25188,380,386,414111,859376,5457.69,32.6711,0.24,1.99164e+07,20,24796,1876.91,2197.36
395,2040.69,32.3577,19386,23098,390,380,410399,856916,5556.06,32.5135,0.22,1.99164e+07,20,24796,1876.62,2235.52
396,2029.51,32.2821,18951,24736,384,390,404614,857598,5528.81,32.3631,0.232,1.99164e+07,20,24796,1867.75,2208.13
397,2027.37,32.232,19372,25921,391,384,398065,859422,5455.82,32.2318,0.218,1.99164e+07,20,24796,1878.72,2190.4
398,2037.93,32.1811,19121,21954,387,391,395232,855363,5618.18,32.138,0.226,1.99164e+07,20,24796,1875.21,2195.68
399,2037.84,32.0943,18766,24526,379,387,389472,855957,5594.43,32.0517,0.242,1.99164e+07,20,24796,1874.22,2220.08
400,2025,32.209,19103,25841,387,379,382734,857961,5514.27,31.9813,0.226,1.99164e+07,20,24796,1874.97,2201.97
401,2032.01,32.2043,19337,26064,390,387,376007,860205,5424.51,31.9464,0.22,1.99164e+07,20,24796,1881.77,2188.28
402,2042.13,32.3957,19369,22927,389,390,372449,857217,5544.02,31.9291,0.222,1.99164e+07,20,24796,1895.55,2215.49
403,2048.15,32.3518,18934,25699,380,389,365684,859762,5442.23,31.9435,0.24,1.99164e+07,20,24796,1886.82,2197.09
404,2037.34,32.3315,19401,18468,392,380,366617,849603,5848.58,31.9642,0.216,1.99164e+07,20,24796,1886.64,2196.59
405,2040.01,32.7076,19059,27033,384,392,358643,854202,5664.62,31.996,0.232,1.99164e+07,20,24796,1881.58,2183.15
406,2027.24,32.6862,19127,22491,387,384,355279,851418,5776,32.0604,0.226,1.99164e+07,20,24796,1884.76,2189.86
407,2032.23,32.7567,18672,24512,377,387,349439,852866,5718.09,32.1483,0.246,1.99164e+07,20,24796,1891.45,2190.97
408,2028.65,33.0844,19683,20682,397,377,348440,846478,5973.61,32.2284,0.206,1.99164e+07,20,24796,1878.46,2192.02
409,2039.65,32.8973,19330,21252,389,397,346518,841801,6160.68,32.3378,0.222,1.99164e+07,20,24796,1875.15,2204.18
410,2026.84,33.456,18341,27768,372,389,337091,849977,5833.65,32.4795,0.256,1.99164e+07,20,24796,1880.15,2196.18
411,2040.58,33.7756,19462,25256,391,372,331297,852273,5741.81,32.6613,0.218,1.99164e+07,20,24796,1885.57,2200.06
412,2034.57,33.8266,19014,22912,384,391,327399,851739,5763.15,32.8604,0.232,1.99164e+07,20,24796,1887.61,2187.12
413,2036.75,34.4584,18974,24732,382,384,321641,854610,5648.32,33.0805,0.236,1.99164e+07,20,24796,1889.04,2205.34
414,2022.7,34.5997,19251,22920,388,382,317972,854669,5645.95,33.3312,0.224,1.99164e+07,20,24796,1870.69,2180.07
415,2041.62,34.9115,19364,21019,389,388,316317,851131,5787.48,33.5691,0.222,1.99164e+07,20,24796,1880.13,2217.76
416,2035.18,34.8577,19125,18178,387,389,317264,843300,6100.7,33.7901,0.226,1.99164e+07,20,24796,1882.1,2205.01
417,2035.56,35.5741,19189,24408,387,387,312045,846329,5979.55,34.0703,0.226,1.99164e+07,20,24796,1884.74,2227.87
418,2045.27,36.3734,19205,25666,384,387,305584,852791,5721.06,34.4071,0.232,1.99164e+07,20,24796,1885.36,2209.38
419,2034.88,36.1724,19056,22001,385,384,302639,853114,5708.14,34.7616,0.23,1.99164e+07,20,24796,1867.39,2221.14
420,2046.16,37.0393,19517,25543,393,385,296613,859556,5450.48,35.1658,0.214,1.99164e+07,20,24796,1872.25,2212.22
421,2022.98,37.139,18817,21647,381,393,293783,860739,5403.14,35.5633,0.238,1.99164e+07,20,24796,1871.84,2201.79
422,2034.71,37.524,19135,18230,386,381,294688,855439,5615.15,35.8941,0.228,1.99164e+07,20,24796,1855.38,2219.62
423,2034.37,38.0918,19119,20165,386,386,293642,853970,5673.9,36.2592,0.228,1.99164e+07,20,24796,1875.46,2221.74
424,2037.25,38.1277,19306,17181,390,386,295767,846699,5964.77,36.5888,0.22,1.99164e+07,20,24796,1869.5,2221.9
425,2037.28,39.1496,18959,25142,380,390,289584,856184,5585.36,37.0525,0.24,1.99164e+07,20,24796,1870.53,2207.61
426,2031.47,39.1825,19000,19473,384,380,289111,854918,5635.97,37.4676,0.232,1.99164e+07,20,24796,1885.07,2220.85
427,2037.71,39.5613,19324,18394,391,384,290041,851036,5791.28,37.848,0.218,1.99164e+07,20,24796,1869,2248.39
428,2041.37,39.9436,19305,20129,387,391,289217,851282,5781.45,38.2695,0.226,1.99164e+07,20,24796,1872.81,2228.61
429,2026.91,40.5507,19033,18975,384,387,289275,850359,5818.37,38.6623,0.232,1.99164e+07,20,24796,1863.59,2212.95
430,2032.59,40.7549,19129,18362,387,384,290042,848215,5904.12,39.0606,0.226,1.99164e+07,20,24796,1870.02,2214.53
431,2027.28,41.266,19129,20296,386,387,288875,850388,5817.19,39.4954,0.228,1.99164e+07,20,24796,1859.78,2241.69
432,2031.22,41.6065,19151,17898,387,386,290128,848019,5911.95,39.8863,0.226,1.99164e+07,20,24796,1865.15,2203.96
433,2037.77,42.045,19190,19629,386,387,289689,849556,5850.49,40.3155,0.228,1.99164e+07,20,24796,1878.32,2223.64
434,2043.14,42.6443,19174,21139,385,386,287724,854815,5640.1,40.7864,0.23,1.99164e+07,20,24796,1882.12,2220.08
435,2038.26,43.134,19045,19516,383,385,287253,857437,5535.22,41.2356,0.234,1.99164e+07,20,24796,1878.49,2200.39
436,2028.49,44.0293,19021,21123,384,383,285151,864058,5270.41,41.7214,0.232,1.99164e+07,20,24796,1868.86,2188.94
437,2041.46,43.6098,19450,14431,390,384,290170,855607,5608.45,42.0931,0.22,1.99164e+07,20,24796,1884.04,2220.44
438,2028.18,44.2042,19153,19466,385,390,289857,859275,5461.71,42.5324,0.23,1.99164e+07,20,24796,1869.41,2200.74
439,2026.09,44.6404,18907,17013,383,385,291751,858162,5506.23,42.9192,0.234,1.99164e+07,20,24796,1869.5,2206.87
440,2034.27,44.9836,19320,15707,389,383,295364,853703,5684.6,43.2683,0.222,1.99164e+07,20,24796,1865.86,2223.03
441,2030.58,45.2218,19292,17870,390,389,296786,854419,5655.94,43.6589,0.22,1.99164e+07,20,24796,1872.34,2204.56
442,2029.85,45.5565,18817,17706,382,390,297897,855642,5607.02,44.0351,0.236,1.99164e+07,20,24796,1867.26,2212.81
443,2023.15,45.8966,19114,16263,386,382,300748,853570,5689.91,44.3722,0.228,1.99164e+07,20,24796,1877.6,2202.18
444,2026.32,46.1953,19297,15706,390,386,304339,850316,5820.09,44.6841,0.22,1.99164e+07,20,24796,1860.94,2196.43
445,2032.87,46.5189,18991,16513,385,390,306817,849436,5855.29,44.9964,0.23,1.99164e+07,20,24796,1873.08,2206.15
446,2037.53,47.02,19150,21591,385,385,304376,860293,5421,45.4049,0.23,1.99164e+07,20,24796,1868.79,2223.42
447,2031.91,47.0533,19183,16578,385,385,306981,859940,5435.12,45.7346,0.23,1.99164e+07,20,24796,1876.58,2204.49
448,2037.32,47.3626,19305,13779,390,385,312507,852913,5716.2,45.9793,0.22,1.99164e+07,20,24796,1865.72,2203.62
449,2034.91,47.4393,18998,15430,381,390,316075,850434,5815.37,46.2412,0.238,1.99164e+07,20,24796,1885.95,2205.49
450,2033.63,47.5558,19382,17092,389,381,318365,851378,5777.58,46.5164,0.222,1.99164e+07,20,24796,1879.72,2198.03
451,2025.14,47.9548,18924,15213,385,389,322076,848808,5880.39,46.7335,0.23,1.99164e+07,20,24796,1865.96,2195.66
452,2027.13,48.2471,19080,16539,386,385,324617,849333,5859.39,46.9611,0.228,1.99164e+07,20,24796,1868.4,2184.42
453,2043.41,48.2649,19121,16800,384,386,326938,850561,5810.28,47.1907,0.232,1.99164e+07,20,24796,1879.81,2223.73
454,2025.69,48.3894,19307,16752,390,384,329493,851285,5781.31,47.4032,0.22,1.99164e+07,20,24796,1878.92,2205.56
455,2026.5,48.6105,19042,16663,386,390,331872,852511,5732.27,47.5978,0.228,1.99164e+07,20,24796,1868.97,2202.73
456,2027.74,48.7073,19159,14140,389,386,336891,847322,5939.83,47.7505,0.222,1.99164e+07,20,24796,1874.44,2221.73
457,2039.37,48.6526,19105,15834,384,389,340162,846722,5963.82,47.9074,0.232,1.99164e+07,20,24796,1864.57,2223.81
458,2029.32,48.9169,18977,16839,385,384,342300,848645,5886.91,48.0471,0.23,1.99164e+07,20,24796,1869.43,2220.94
459,2023.89,49.0594,18909,20407,382,385,340802,859707,5444.42,48.2218,0.236,1.99164e+07,20,24796,1866.12,2199.61
460,2025.61,49.0875,19278,16818,389,382,343262,861574,5369.77,48.3682,0.222,1.99164e+07,20,24796,1867.53,2168.85
461,2022,49.1769,18871,17261,383,389,344872,865096,5228.89,48.5048,0.234,1.99164e+07,20,24796,1884.14,2171.94
462,2038.47,49.3927,19187,15430,385,383,348629,863767,5282.03,48.6095,0.23,1.99164e+07,20,24796,1883.32,2199.59
463,2032.37,49.3626,19194,15299,387,385,352524,861914,5356.14,48.7059,0.226,1.99164e+07,20,24796,1886.85,2219.2
464,2038.56,49.2888,19585,13466,394,387,358643,854923,5635.8,48.7728,0.212,1.99164e+07,20,24796,1886.03,2198.35
465,2041.36,49.3117,18905,14262,379,394,363286,851368,5778,48.8152,0.242,1.99164e+07,20,24796,1884.32,2204.61
466,2030.38,49.3585,19109,17351,387,379,365044,854743,5642.98,48.851,0.226,1.99164e+07,20,24796,1885.43,2207.91
467,2031.48,49.2558,19423,14427,391,387,370040,850559,5810.34,48.873,0.218,1.99164e+07,20,24796,1873.85,2206.26
468,2025.72,49.0897,18905,18310,381,391,370635,856802,5560.62,48.8866,0.238,1.99164e+07,20,24796,1874.85,2196.11
469,2032.72,49.2336,19435,13005,390,381,377065,849171,5865.87,48.8734,0.22,1.99164e+07,20,24796,1876.75,2195.72
470,2035.48,49.148,18950,17540,382,390,378475,853291,5701.06,48.8475,0.236,1.99164e+07,20,24796,1876.26,2191.22
471,2019.65,49.0524,18980,15267,385,382,382188,851595,5768.93,48.8152,0.23,1.99164e+07,20,24796,1882.77,2202.57
472,2030.34,48.9674,19270,12849,388,385,388609,843659,6086.34,48.7713,0.224,1.99164e+07,20,24796,1880.83,2179.89
473,2030.33,48.7382,19221,15746,390,388,392084,842431,6135.46,48.7014,0.22,1.99164e+07,20,24796,1883.53,2218.82
474,2013.79,48.6673,18540,21813,377,390,388811,857217,5544.05,48.5936,0.246,1.99164e+07,20,24796,1874.01,2178.03
475,2023.68,48.5878,19336,15391,392,377,392756,854934,5635.36,48.5188,0.216,1.99164e+07,20,24796,1870.2,2185.72
476,2044.03,48.586,18909,15288,380,392,396377,853175,5705.72,48.4257,0.24,1.99164e+07,20,24796,1874.73,2210.52
477,2020.49,48.3825,19242,18889,388,380,396730,859264,5462.14,48.3101,0.224,1.99164e+07,20,24796,1878.11,2198.07
478,2029.86,48.2806,18997,14691,382,388,401036,855915,5596.12,48.2088,0.236,1.99164e+07,20,24796,1875.98,2187.63
479,2023.27,48.003,19298,17404,392,382,402930,857829,5519.57,48.083,0.216,1.99164e+07,20,24796,1884.29,2204.8
480,2030.39,47.7089,19246,18725,388,392,403451,863232,5303.44,47.942,0.224,1.99164e+07,20,24796,1878.34,2194.77
481,2031.43,47.9006,19143,14964,384,388,407630,860051,5430.67,47.8038,0.232,1.99164e+07,20,24796,1875.92,2171.05
482,2032.23,47.5861,19285,15922,387,384,410993,858688,5485.21,47.6634,0.226,1.99164e+07,20,24796,1888.67,2172.08
483,2033.34,47.1698,19094,16814,385,387,413273,859139,5467.14,47.5079,0.23,1.99164e+07,20,24796,1883.26,2212.2
484,2028.73,47.1655,19108,16779,385,385,415602,859403,5456.59,47.3281,0.23,1.99164e+07,20,24796,1888.95,2189.37
485,2020.89,46.9929,18928,16698,383,385,417832,860033,5431.39,47.1478,0.234,1.99164e+07,20,24796,1879.29,2152.15
486,2028.15,46.66,19296,15274,390,383,421854,856029,5591.57,46.9798,0.22,1.99164e+07,20,24796,1896.6,2183.21
487,2033.47,46.3596,19005,17125,383,390,423734,856827,5559.62,46.7779,0.234,1.99164e+07,20,24796,1884.31,2199.52
488,2026.87,46.2592,19183,15022,387,383,427895,852341,5739.08,46.5852,0.226,1.99164e+07,20,24796,1883.63,2187.77
489,2036.51,45.9007,19329,17010,388,387,430214,851916,5756.09,46.3662,0.224,1.99164e+07,20,24796,1871.42,2214.28
490,2031.39,45.6328,19114,16239,385,388,433089,850002,5832.64,46.1454,0.23,1.99164e+07,20,24796,1879,2178.71
491,2022.82,45.5075,19255,16583,390,385,435761,848129,5907.55,45.906,0.22,1.99164e+07,20,24796,1878.7,2180.93
492,2029.26,44.9763,19064,17994,385,390,436831,849541,5851.07,45.6561,0.23,1.99164e+07,20,24796,1888.71,2189.33
493,2041.66,44.8436,19145,20184,383,385,435792,855690,5605.1,45.3594,0.234,1.99164e+07,20,24796,1877.58,2212.09
494,2020.99,44.6827,18979,19865,384,383,434906,861144,5386.95,45.0731,0.232,1.99164e+07,20,24796,1870.64,2186.79
495,2027.25,44.2384,19298,14513,390,384,439691,853722,5683.84,44.8727,0.22,1.99164e+07,20,24796,1875.23,2228.13
496,2033.14,44.2002,18982,18203,381,390,440470,854909,5636.34,44.5925,0.238,1.99164e+07,20,24796,1886.23,2193.48
497,2026.89,43.8727,19541,14854,395,381,445157,847498,5932.8,44.3688,0.21,1.99164e+07,20,24796,1875.84,2182.19
498,2026.11,43.3638,18713,20352,380,395,443518,853241,5703.09,44.0597,0.24,1.99164e+07,20,24796,1874.94,2196.14
499,2026.76,43.282,19042,18750,385,380,443810,854563,5650.2,43.7649,0.23,1.99164e+07,20,24796,1887.98,2185.26
